,"Acadia","Adams","Alibates Flint Quarries","Allegheny Portage Railroad","Big Cypress","Big Hole","Big South Fork National River and Recreation Area","Black Canyon of the Gunnison","Blue Ridge Parkway","Boston African American","Bryce Canyon","Buck Island Reef","Canaveral","Canyonlands","Cape Cod","Cape Hatteras","Carl Sandburg Home","Carlsbad Caverns","Casa Grande Ruins","Castle Clinton","Chamizal","Chattahoochee River","Cowpens","Cumberland Gap","Cumberland Island","Curecanti","DeSoto","Death Valley","Effigy Mounds","El Malpais","Eleanor Roosevelt","Everglades","Flight 93","Fort Caroline","Fort Davis","Fort Larned","Fort Raleigh","Fort Scott","Fort Smith","Fort Stanwix","Fort Vancouver","Fort Washington","Fredericksburg and Spotsylvania County Battlefields Memorial ","General Grant","George Rogers Clark","Gettysburg","Gila Cliff Dwellings","Glen Canyon","Grand Canyon","Grant-Kohrs Ranch","Great Smoky Mountains","Greenbelt","Guadalupe Mountains","Guilford Courthouse","Gulf Islands","Harpers Ferry","Herbert Hoover","Homestead National Monument of America","Independence","Indiana Dunes","Jefferson National Expansion Memorial","Jimmy Carter","Kalaupapa","Kaloko-Honokohau","Keweenaw","Kings Canyon","Kings Mountain","Klondike Gold Rush","Klondike Gold Rush - Seattle Unit","Knife River Indian Villages","Kobuk Valley","Lake Mead","Lake Meredith","Lake Roosevelt","Lava Beds","Lewis and Clark","Lincoln Boyhood","Lincoln Home","Lincoln Memorial","Little River Canyon","Lowell","Lyndon B. Johnson","Lyndon Baines Johnson Memorial Grove on the Potomac","Maggie L. Walker","Mammoth Cave","Manassas","Manhattan Project","Manzanar","Marsh-Billings-Rockefeller","Martin Luther King, Jr.","Martin Van Buren","Mary McLeod Bethune Council House","Minute Man","Montezuma Castle","Moores Creek","Natchez Trace Parkway","North Cascades","Obed Wild and Scenic River","Ozark National Scenic Riverways","Petrified Forest","Petroglyph","Pictured Rocks","Pipestone","Prince William Forest","Pu'uhonua o Honaunau","Puukohola Heiau","River Raisin","Rocky Mountain","Saint Croix National Scenic River","Sand Creek Massacre","Saratoga","Sunset Crater Volcano","Theodore Roosevelt Island","Thomas Stone","Timucuan","Tonto","Tumacacori","Upper Delaware National Scenic and Recreation River","Vanderbilt Mansion","Vicksburg","Washita Battlefield","Weir Farm","White Sands","Whitman Mission","William Jefferson Clinton Birthplace","Wilson's Creek","Wind Cave","Women's Rights","World War II Memorial","Wright Brothers","Wupatki","Yosemite","Yukon-Charley Rivers"
,"NP","NHP","NM","NHS","NPRES","NB","NR","NP","PKWY","NHS","NP","NM","NS","NP","NS","NS","NHS","NP","NM","NM","NMEM","NRA","NB","NHP","NS","NRA","NMEM","NP","NM","NM","NHS","NP","NMEM","NMEM","NHS","NHS","NHS","NHS","NHS","NM","NHS","P","NMP","NMEM","NHP","NMP","NM","NRA","NP","NHS","NP","P","NP","NMP","NS","NHP","NHS","NM","NHP","NL","NMEM","NHS","NHP","NHP","NHP","NP","NMP","NHP","NHP","NHS","NP","NRA","NRA","NRA","NM","NHP","NMEM","NHS","NMEM","NPRES","NHP","NHP","NMEM","NHS","NP","NBP","NHP","NHS","NHP","NMEM","NHS","NHS","NHP","NM","NB","PKWY","NP","NWSR","NR","NP","NM","NL","NM","P","NHP","NHS","NBP","NP","NWSR","NHS","NHP","NM","NMEM","NHS","NPRES","NM","NHP","NWSR","NHS","NMP","NHS","NHS","NM","NHS","NHS","NB","NP","NHP","NMEM","NMEM","NM","NP","NPRES"
1904,"","","","","","","","","","","","","","","","","","","","","","","","","","","","","","","","","","","","","","","","","","","","","","","","","","","","","","","","","","","","","","","","","","1000","","","","","","","","","","","","","","","","","","","","","","","","","","","","","","","","","","","","","","","","","","","","","","","","","","","","","","","","","","","","","2900","","","","","",""
1905,"","","","","","","","","","","","","","","","","","","","","","","","","","","","","","","","","","","","","","","","","","","","","","","","","","","","","","","","","","","","","","","","","","1000","","","","","","","","","","","","","","","","","","","","","","","","","","","","","","","","","","","","","","","","","","","","","","","","","","","","","","","","","","","","","2438","","","","","",""
1906,"","","","","","","","","","","","","","","","","","","","","","","","","","","","","","","","","","","","","","","","","","","","","","","","","","","","","","","","","","","","","","","","","","900","","","","","","","","","","","","","","","","","","","","","","","","","","","","","","","","","","","","","","","","","","","","","","","","","","","","","","","","","","","","","2787","","","","","5414",""
1907,"","","","","","","","","","","","","","","","","","","","","","","","","","","","","","","","","","","","","","","","","","","","","","","","","","","","","","","","","","","","","","","","","","1100","","","","","","","","","","","","","","","","","","","","","","","","","","","","","","","","","","","","","","","","","","","","","","","","","","","","","","","","","","","","","2751","","","","","7102",""
1908,"","","","","","","","","","","","","","","","","","","","","","","","","","","","","","","","","","","","","","","","","","","","","","","","","","","","","","","","","","","","","","","","","","1773","","","","","","","","","","","","","","","","","","","","","","","","","","","","","","","","","","","","","","","","","","","","","","","","","","","","","","","","","","","","","3171","","","","","8850",""
1909,"","","","","","","","","","","","","","","","","","","","","","","","","","","","","","","","","","","","","","","","","","","","","","","","","","","","","","","","","","","","","","","","","","798","","","","","","","","","","","","","","","","","","","","","","","","","","","","","","","","","","","","","","","","","","","","","","","","","","","","","","","","","","","","","3216","","","","","13182",""
1910,"","","","","","","","","","","","","","","","","","","","","","","","","","","","","","","","","","","","","","","","","","","","","","","","","","","","","","","","","","","","","","","","","","1178","","","","","","","","","","","","","","","","","","","","","","","","","","","","","","","","","","","","","","","","","","","","","","","","","","","","","","","","","","","","","3387","","","","","13619",""
1911,"","","","","","","","","","","","","","","","","","","450","","","","","","","","","","","","","","","","","","","","","","","","","","","","","","","","","","","","","","","","","","","","","","","2160","","","","","","","","","","","","","","","","","","","","","","","","","","","","","","","","","","","","","","","","","","","","","","","","","","","","","","","","","","","","","3887","","","","","12530",""
1912,"","","","","","","","","","","","","","","","","","","450","","","","","","","","","","","","","","","","","","","","","","","","","","","","","","","","","","","","","","","","","","","","","","","2240","","","","","","","","","","","","","","","","","","","","","","","","","","","","","","","","","","","","","","","","","","","","","","","","","","","","","","","","","","","","","3199","","","","","10884",""
1913,"","","","","","","","","","","","","","","","","","","450","","","","","","","","","","","","","","","","","","","","","","","","","","","","","","","","","","","","","","","","","","","","","","","2756","","","","","","","","","","","","","","","","","","","","","","","","","","","","","","","","","","","","","","","","","","","","","","","","","","","","","","","","","","","","","3988","","","","","13735",""
1914,"","","","","","","","","","","","","","","","","","","500","","","","","","","","","","","","","","","","","","","","","","","","","","","","","","","","","","","","","","","","","","","","","","","3735","","","","","","","","","","","","","","","","","","","","","","","","","","","","","","","","","","","","","","","","","","","","","","","","","","","","","","","","","","","","","3592","","","","","15145",""
1915,"","","","","","","","","","","","","","","","","","","500","","","","","","","","","","","","","","","","","","","","","","","","","","","","","","","","","","","","","","","","","","","","","","","10523","","","","","","","","","","","","","","","","","","","","","","","","","","","","","","","","","","","","","","","","","","31000","","","","","","","","","","","","","","","","","","","2817","","","","","33452",""
1916,"","","","","","","","","","","","","","","","","","","1909","","","","","","","","","","","","","","","","","","","","","","","","","","","","","","","","","","","","","","","","","","","","","","","15360","","","","","","","","","","","","","","","","","","","","","","","","","","","","","","","","","","","","","","","","","","51000","","","","","","","","","","","","","","","","","","","9000","","","","","33390",""
1917,"","","","","","","","","","","","","","","","","","","2437","","","","","","","","","","","","","","","","","","","","","","","","","","","","","","","","","","","","","","","","","","","","","","","17390","","","","","","","","","","","","","","","","","","","","","","","","","","","","","","","","","","","","","","","","","","117186","","","","","","","","","","","","","","","","","","","16742","","","","","34510",""
1918,"","","","","","","","","","","","","","","","","","","3150","","","","","","","","","","","","","","","","","","","","","","","","","","","","","","","","","","","","","","","","","","","","","","","15496","","","","","","","","","","","","","","","","","","","","","","","","","","","","","","","","","","","","","","","","","","101497","","","","","","","","","","","","","","","","","","","36000","","","","","33527",""
1919,"64000","","","","","","","","","","","","","","","","","","3677","","","","","","","","","","","","","","","","","","","","","","","","","","","","","","37745","","","","","","","","","","","","","","","","","21574","","","","","","","","","","","","","","","","","","","","","","","","","","","","","","","","","","3000","","","","","","","","169492","","","","","","","","","","","","","","","","","","","25000","","","","","58362",""
1920,"66500","","","","","","","","","","","","","","","","","","7720","","","","","","","","","","","","","","","","","","","","","","","","","","","","","","67315","","","","","","","","","","","","","","","","","19661","","","","","","","","","","","","","","","","","","","","","","","","","","","","2500","","","","","","30390","","","","","","","","240966","","","","","","","","","4300","","","","","","","","","","38000","","","","","68906",""
1921,"69836","","","","","","","","","","","","","","","","","","6296","","","","","","","","","","","","","","","","","","","","","","","","","","","","","","67485","","","","","","","","","","","","","","","","","30312","","","","","","","","","","","","","","","","","","","","","","","","","","","","4500","","","","","","32700","","","","","","","","273737","","","","","","","","","5000","","","","","","","","","","28336","","","","","91513",""
1922,"73779","","","","","","","","","","","","","","","","","","5068","","","","","","","","","","","","","","","","","","","","","","","","","","","","","","84700","","","","","","","","","","","","","","","","","50456","","","","","","","","","","","","","","","","","","","","","","","","","","","","6000","","","","","","31338","","","","","","","","219164","","","","","","","","","5100","","","","","","","","","","31016","","","","","100506",""
1923,"64200","","","","","","","","","","","","","","","","","","6787","","","","","","","","","","","","","","","","","","","","","","","","","","","","","","102166","","","","","","","","","","","","","","","","","46230","","","","","","","","","","","","","","","","","","","","","","","","","","","","7400","","","","","","45475","","","","","","","","218000","","","","","","","","","6000","","","","","","","","","","41505","","","","","130046",""
1924,"71758","","","","","","","","","","","","","","","","","1280","9583","","","","","","","","","","","","","","","","","","","","","","","","","","","","","","108256","","","","","","","","","","","","","","","","","35020","","","","","","","","","","","","","","","","","","","","","","","","","","","","7500","","","","","","42781","","","","","","","","224211","","","","","","","","","8800","","","","","","","","","","52166","","","","","105894",""
1925,"73673","","","","","","","","","","","","","","","","","1794","13587","","","","","","","","","","","","","","","","","","","","","","","","","","","","","","134053","","","","","","","","","","","","","","","","","40517","","","","","","","","","","","","","","","","","","","","","","","","","","","","9000","","","","","","55227","","","","","","","","233912","","","","","","","","","10500","","","","","","","","","","69267","","","","500","209166",""
1926,"101256","","","","","","","","","","","","","","","","","10904","16542","","","","","","","","","","","","","","","","","","","","","","","","","","","","","","140252","","","","","","","","","","","","","","","","","50597","","","","","","","","","","","","","","","","","","","","","","","","","","","","12385","","","","","","53345","","","","","","","","225027","","","","","","","","","13683","","","","","","","","","","85466","","","","600","274209",""
1927,"123699","","","","","","","","","","","","","","","","","26436","28818","","","","","","","","","","","","","","","","","","","","","","","","","","","","","","162356","","","","","","","","","","","","","","","","","47996","","","","","","","","","","","","","","","","","","","","","","","","","","","","15400","","","","","","61761","","","","","","","","229862","","","","","","","","","16761","","","","","","","","","","81023","","","","450","490430",""
1928,"134897","","","","","","","","","","","","","","","","","46335","28274","","","","","","","","","","","","","","","","","","","","","","","","","","","","","","167226","","","","","","","","","","","","","","","","","51988","","","","","","","","","","","","","","","","","","","","","","","","","","","","16232","","","","","","75225","","","","","","","","235057","","","","","","","","","17341","","","","","","","","","","100309","","","","500","460619",""
1929,"149554","","","","","","","","","","21997","","","","","","","76822","37244","","","","","","","","","","","","","","","","","","","","","","","","","","","","","","184093","","","","","","","","","","","","","","","","","44783","","","","","","","","","","","","","","","","","","","","","","","","","","","","17824","","","","","","69350","","","","","","","","274408","","","","","","","","","18250","","","","","","","","","","108943","","","","550","461257",""
1930,"154734","","","","","","","","","","35982","","","","","","","90104","36656","","","","","","","","","","","","","","","","","","","","","","","","","","","","","","172763","","","","","","","","","","","","","","","","","43547","","","","","","","","","","","","","","","","","","","","","","","","","","","","19298","","","","","","105433","","","","","","","","255874","","","","","","","","","15603","","","","","","","","","","88000","","","","684","458566",""
1931,"162238","","","","","","","","","","41572","","","","","","","81275","27675","","","","","","","","","","","","","","","","","","","","","","","","","","","","","","156964","","154000","","","","","","","","","","","","","","","51995","","","","","","","","","","","","","","","","","","","","","","","","","","","","14411","","","","","","93980","","","","","","","","265663","","","","","","","","","12036","","","","","","","","","","85000","","","","650","461855",""
1932,"237596","","","","","","","","","","34143","","","","","","","61474","21895","","","","","","","","","","","","","","","","","","","","","","","","","","","","","","121267","","300000","","","","","","","","","","","","","","","40806","","","","","","","","","","","","","","","","","","","","","","","","","","","","14000","","","","","","84228","","","","","","","","282980","","","","","","","","","13758","","","","","","","","","","12539","","","","850","498289",""
1933,"262712","","","","","","","","","","32878","","","","","","","53768","21771","","","","","","","","","9970","","","","","","","","","","","","","","","","","","","","","105475","","375000","","","","","","","","","","","","","","","50081","","","","","","","","","","","","","","","","","","","","","","","","","","","","13899","","","","","","224613","","","","","","","","291934","","","","","","","","","8869","","","","","","12000","","","","10460","","","","1250","296088",""
1934,"275956","","","","","","","2592","","","51188","","","","","","","88349","26776","","","","","","","","","19678","","","","","","","","","","","","","","","25000","","","752035","75","","140220","","420000","","","","","","","","","","","","","","","66024","","","","","","","","","15000","","","","","","","","","","","","","","","","","","","18619","","","","","","222666","","","","","","","","365392","","","","2500","","","","7005","11238","","","216000","","","33900","","","","15205","","","17010","1080","309431",""
1935,"316114","","","","","","","1596","","","63703","","","","","","","113753","27345","","","","","","","","","42061","","","","","","","","","","","","","","","64900","","","1215777","100","","206018","","500000","","","","","","","","","","","","","","","116739","","","","","","","","","18000","","","","","","","","","","","","","","","","","","","14919","","","","","","69362","","","","","","","","367568","","","","5688","","","","5350","13081","","","188603","","","33912","","","","20207","","","28472","1369","372317",""
1936,"340393","","","","","","","4833","","","88848","","","","","","","148129","27744","","","","","","","","","40815","","","","","","","","","","","","","","","50257","","","604177","100","","268412","","602222","","","","","","","","","","","","","","","148568","","","","","","","","","13409","","","","857441","","","","","","57775","","","","","","","","","10654","4158","","","","","161194","","","","","","","","550496","","","","4853","","","","5908","14119","","","237846","","","89833","","","","16605","","","48690","2201","431192",""
1937,"383036","","","","","","","9770","","","94331","","","","","","","201333","33661","","","","","","","","","48874","","","","","","","","","","","","","","","92094","","","622384","250","","297876","","727243","","","6043","","","","","","","","","","","","157810","11449","","","","","389294","","","27157","","","","1252438","","","","","","75434","","","","","","","","","9813","4858","","","","","124365","","","","","","","","651899","","","","10000","","","","5368","18472","","","285704","","","91532","","","","19075","","","82188","2080","481492",""
1938,"394319","","","","","2345","","15151","","","101851","","","","","","","205765","33761","","","","","","","","","58320","","","","","","","","","","","","","","","98732","","","1554234","105","","336557","","694634","","","33920","","","","","","","","","","","","148116","22259","","","","","564800","","","32108","","","","1215961","","","","","","120692","","","","","","","","","10645","6218","","","","","212547","","","","","","","","659802","","","","6922","","","","4985","15289","","","317120","","","110805","","","","19132","","","80911","2754","443325",""
1939,"396468","","","","","3875","","16041","","","101500","","","","","","","212348","25109","","","","","","","","","61301","","","","","","","","","","","","","","","102475","","","608125","90","","395940","","761567","","","45544","","","","","","","","","","","","161080","29487","","","","","611895","","","34201","","","","1079367","","","","","","116516","","","","","","","","","7887","5185","","","","","189421","","","","","","","","609029","","","","7762","","","","4432","18390","","","290227","","","58955","","","","16202","","","70071","3122","466552",""
1940,"382084","","","","","3875","","19307","","","103362","","","","","","","236653","12877","","","","","","","","","80842","","","","","","","","","","","","","","","93664","","","629832","80","","371613","","860960","","","49136","","","","","","","","","","","","201545","22398","","","","","655910","","","36619","","","","1538573","","","","","","117751","5340","","","","","","","","8078","3722","","","","","199420","","","","","","","","627847","","","","11888","","","","5250","7287","","","193600","","","54498","","","","18028","","","54729","3326","506781",""
1941,"409961","","","","","4000","","18800","895874","","124563","","","","","","","285418","18725","","","","8800","","","","","100829","","","","","","","","","79049","","","","","","162215","","","669997","330","","436566","","1310101","","","54115","","","","1400","2862","","0","","","","","173587","22941","","","","","844773","","0","34828","","","","1768810","","","","","","165996","7517","","","","","","","","10077","4359","0","","","","245640","","","2785","0","","","","681845","","","76563","13145","","","","10128","9185","","15274","214848","","","79173","7251","","","21095","","","86025","4184","597863",""
1942,"36544","","","","","0","","6264","255809","","30019","","","","","","","124809","12199","","","","3150","","","","","44755","","","","","","","","","6975","","","","","","79778","","","117860","0","","132584","","728706","","","6469","","","","0","10259","","12154","","","","","97745","12656","","","","","338320","","0","17887","","","","666524","","","","","","87157","10700","","","","","","","","4713","2700","0","","","","73029","","","1034","0","","","","383670","","","11816","6228","","","","4603","6368","","13077","36088","","","52526","0","","","10650","","","11319","1228","319816",""
1943,"8246","","","","","0","","2087","130603","","7690","","","","","","","89128","7332","","","","700","","","","","14374","","","","","","","","","9014","","","","","","27990","","","76215","0","","71650","","383116","","","6124","","","","0","17393","","34149","","","","","60651","7497","","","","","214190","","0","7541","","","","519640","","","","","","44611","7373","","","","","","","","2715","5774","0","","","","34791","","","946","0","","","","124353","","","5107","2606","","","","2560","4512","","14554","8461","","","35693","0","","","2989","","","11054","566","116682",""
1944,"12916","","","","","1190","","2351","268324","","10311","","","","","","","122467","9215","","","","0","","","","","13661","","","","","","","","","7851","","","","","","37666","","","121078","0","","64568","","534586","","","17912","","","","0","23298","","31025","","","","","35203","8233","","","","","263533","","0","10095","","","","738945","","","","","","49389","4978","","","","","","","","3161","3342","0","","","","40729","","","2796","0","","","","211953","","","6609","2638","","","","3193","5425","","14830","9380","","","35446","0","","","3784","","","8592","362","120494",""
1945,"20200","","","","","1576","","4968","382943","","33463","","","","","","","193237","14998","","","","0","","","","","31112","","","","","","","","","15496","","","","","","43180","","","251956","0","","169960","","750690","","","23268","","","","0","27400","","35899","","","","","82442","17458","","","","","587436","","0","16360","","","","544186","","","","","","70513","5857","","","","","","","","6039","3501","0","","","","100694","","","4128","0","","","","356793","","","13493","3317","","","","4885","11560","","18727","10676","","","54470","0","","","10298","","","15439","1166","290569",""
1946,"382390","","","","","2462","","17573","1261769","","125828","","","","","","","380465","27994","","","","1222","","","","","100976","","","","","","","","","107294","","","","","","87919","","","508837","0","","486834","","1157930","","","34060","","","","539","29884","","29109","","","","","221990","30996","","","","","1162037","","0","27906","","","","995957","","","","","","162877","7414","","","","","","","","15801","4031","0","","","","286507","","","3182","0","","","","804588","","","44576","11484","","","","12901","19176","","49504","19372","","","86073","0","","","84800","","","49512","3250","640483",""
1947,"434069","873","","","","2688","","22510","1246564","","163172","","","","","","","405266","35681","","","","1271","","","","","161953","","","","","","","","","104525","","","","","","101915","","","644402","0","","622363","","1204017","","","38310","","","","1992","27786","","24485","","","","","236687","31067","","","","","1426831","","27500","34823","","","","1325150","","","","","","185111","8562","","","","","","","","22517","3818","0","","","","341599","","","4392","0","","","","923065","","","47877","16385","","","","15730","22930","","61427","33233","","","97940","0","","","102227","","","77739","4363","777622",""
1948,"420846","6116","","","","2941","","26679","1509808","","175975","","","","","","","435481","34395","","","","1243","","","","","162150","","","","7482","","","","","102170","","","","","","117496","","","631874","","","618033","","1469749","","","31374","","","","2796","27508","","28903","","","","","279231","31418","","","","","1654004","","262470","35133","","","","1516834","","","","","","180621","13080","","","","","","","","26918","4974","","","","","343160","","","10006","","","","","1023262","","","63453","25746","","","","16990","26747","","68468","28749","","","125063","1353","","","108331","","","72984","5702","745899",""
1949,"438584","9003","","","","3200","","29739","1422316","","192552","","","","","","","431187","32129","","","","2059","","","","","208557","","","","94927","","","","","128686","","","","","","144768","","","669147","","","600690","","1539641","","","40602","","","","3207","26191","","24923","","","","","294021","36261","","","","","1423552","","300821","39480","","","","1668779","","","","","","211792","30527","","","","","","","","36261","9032","","","","","341961","","","36908","","","","","1148216","","","74385","31159","","","","17859","26502","","70629","36789","","","153563","10139","","","118268","","","86327","6609","808372",""
1950,"485220","10594","","","","3272","","26487","1996435","","212976","","","","","","","467283","36114","","","","2058","","","","5620","189045","736","","","123405","","","","","135669","","","","","","173711","","","656035","","","665039","","1843620","","","44828","","","","3408","26611","","27051","","","","","337840","45479","","","","","1798280","","280688","75737","","","","2065586","","","","","","254187","47040","","","","","","","","44157","12738","","","","","352889","","","55276","","","","","1275160","","","78012","23473","","","","18039","30540","","94602","56619","","","180607","8913","","","79344","","","111116","9772","820953",""
1951,"518556","12234","","","","4180","","31448","2448745","","224801","","","","","","","493618","43705","","","","4386","","","","26579","219520","5594","","","142971","","","","","141815","","","","","5931","188021","","","683925","","","682152","","1945100","","","42958","","","","8058","775221","","22719","","","","","450031","58609","","","","","2053619","","299476","70543","","","","1675751","","","","","","364213","67927","","","","","","","","47898","18121","","","","","335608","","","93101","","","","","1167093","","","60042","25185","","","","19508","42283","","105238","147955","","","193975","13459","","","130337","","","113324","10368","858405",""
1952,"549075","11348","","","","4644","","38449","3558139","","225113","","","","","","","531751","49758","","","","4710","","","","38279","296106","12922","","","168621","","","","","152032","","","","","6378","215634","","","755348","","","737159","","2322152","","","45588","","","","9511","1008457","","21674","","","","","448156","73976","","","","","1947204","","304950","58108","","","","1793048","","","","","","438030","72865","","","","","","","","52105","18194","","","","","374333","","","96396","62196","","","","1364503","","","65870","29485","","","","28252","44262","","119370","203894","","","228158","20763","","","352577","","","153072","13100","973971",""
1953,"556195","12326","","","","5535","","51763","4266975","","242820","","","","","","","510318","49232","","","","4700","","","","47043","338899","22016","","","206773","","","","","166385","","","","","10279","224459","","","680815","359","","836878","","2250772","","","41212","","","","14710","1059576","","26124","","","","","435548","110615","","","","","2220940","","254825","72559","","","","1718168","","","","","","499416","103698","","","","","","","","64317","18864","1425629","","","","403565","","","114042","32042","","","","1420152","","","67241","35660","","","","38438","45884","","119288","264311","","","216947","22272","","","305875","","","184328","17750","969225",""
1954,"553800","14600","","","","6300","","51400","4344900","","238200","","","","","","","444300","46100","","","","5000","","","","45000","337900","37100","","","218000","","","","","115700","","","","","11900","213000","","","705500","500","","814700","","2526900","","","41100","","","","18800","1204900","","23700","","","","","551500","143700","","","","","2112700","","579700","77500","","","","1688400","","","","","","439800","100300","","","","","","","","57200","21700","1721800","","","","419800","","","82600","36400","","","","1425600","","","74300","38600","","","","29700","41800","","114800","258300","","","226600","21800","","","276700","","","184500","36500","1008000",""
1955,"655000","13900","","","","5100","","57200","4502200","","254200","","","","","264500","","466200","47800","","","","6700","","","","46100","342200","40100","","","247100","","","","","90000","","","","","10100","233900","","","719700","700","","892400","","2581500","","","33800","","","","18900","1250800","","28500","","","","","556100","148300","","","","","2675400","","218800","58800","","","","1650400","","","","","","447800","89800","","","","","","","","60700","22600","2197300","","","","441700","","","52200","46800","","","","1454000","","","77300","33300","","","","29800","47200","","102100","332200","","","276800","21100","","","267900","","","184600","36700","984200",""
1956,"735500","15000","","","","6300","","62000","5022900","","257600","","","","","301700","","455000","52400","","","","7800","","","","54400","300100","51000","","","267000","","","","","122200","","","","11500","14100","240500","","","756300","1100","","1033700","","2885800","","","44300","","115700","","18000","1308000","","36300","","","","","669800","144900","","","","","2672800","","252600","53000","","","","1850300","","","","","","466100","102300","","","","","","","","138200","26200","2414700","","","","603000","","","61000","58000","","","","1587400","","","72200","68400","","","","36600","50700","","106000","302900","","","282600","29500","","","279200","","","305500","40300","1114200",""
1957,"858900","14100","","","","6600","","48900","5048200","","263000","","","","","324200","","451100","60200","","","","7800","25300","","","63300","333400","60100","","","344700","","","","","99300","","","","9100","12600","247000","","","816000","900","","1102400","","2943700","","","46500","","177200","","23600","1465100","","30000","","","","","638500","145800","","","","","2955300","","266900","50900","","","","2305400","","","","","","450200","162200","","","","","","","","162100","28100","2841500","","","","665700","","","69500","62100","","","","1508200","","","78700","68600","","","","45900","56400","","118800","340900","","","304300","34100","","","284900","","","327900","40900","1138700",""
1958,"816500","14100","","","","7600","","93000","4989100","","248500","","","","","348300","","435200","70700","","","","8000","78200","","","63800","334300","66900","","","443300","","29400","","","86100","","","","12700","12400","213800","","","734900","1200","","1064000","","3168900","","","52000","","270400","","12200","1392400","","31900","","","","","683900","154900","","","","","3190600","","362500","58700","","","","1978500","","","","","","480100","169300","","","","","","","","152700","30000","3141300","","","","713100","","","126600","127000","","","","1478200","","","58200","63200","","","","41000","58100","","119900","367800","","","319800","36700","","","279400","","","241100","45200","1139300",""
1959,"755900","12700","","","","9100","","100800","5589400","","278300","","","","","471500","","483900","68100","","","","8800","165400","","","66100","335700","65400","","","500200","","33000","","","99100","","","","22200","9400","269000","","","870800","1300","","1169400","","3162300","","","57600","","604900","","15400","1475500","","29800","","","","","718500","172400","","","","","3390600","","449000","68200","","","","2054900","","","","","","490300","209300","","","","","","","","175400","31200","3362300","","","","878400","","","136900","129500","","","","1459600","","","66600","82200","","","","39300","59800","","116200","445500","","","380200","41100","","","265600","","","197900","56500","1061500",""
1960,"1638200","11800","","","","10700","","122500","5503200","","272000","","","","","467300","","537000","76900","","","","8800","135100","","","78600","355900","60600","","","579200","","43400","","","90800","","","","37600","12900","413600","253200","","1336000","2300","","1187700","","4528600","","","293800","","585800","","18700","1595000","","48500","","","","","759800","242900","","","","","2254200","","647400","67700","","","","2488200","","","","","","519100","160400","","","","","","","","177700","24400","3479300","","","","911500","","","155500","169700","","","","1532500","","","60100","80500","","","","46100","53800","","138500","819500","","","378500","40400","","","864600","","","237600","56600","1150400",""
1961,"1574600","11600","","","","9600","","115000","6047600","","264800","","","","","547300","","590000","87500","","","","8800","144100","","","71800","397900","67500","","","566800","","41500","","","102800","","","","28300","16600","458500","307100","","1698200","2900","","1253000","","4762100","","","452300","","612900","","22100","1723900","","63600","","","","","748600","259200","","","","","2220000","","740700","67300","69000","","","2890000","","","","","","519300","369600","","","","","","","","208800","20600","3685300","","","","671000","","","164400","176000","","","","1538000","","","63300","97600","","","","53600","56300","","132900","954800","","","380800","47600","","","700200","","","257100","65200","1227100",""
1962,"1601500","13300","","","","13800","","131800","6507300","","251000","6600","","","","649300","","556000","83900","","","","9600","151900","","","72800","363400","54100","","","626100","","46100","","","110600","","","","51400","51700","522300","278100","","1893300","3100","","1447400","","5209800","","","459200","","658000","","40500","2142600","","94100","","","","","826100","287800","","","","","2688700","","689900","69200","70500","","","2672300","","","","","","569300","201600","","","","","","","","221300","25700","5328000","","","","705000","","","157300","177700","","","","1773800","","","80200","112000","","","","56200","55200","","163300","933700","","","371200","55200","","","818600","","","223600","71700","1505500",""
1963,"1864800","12800","","","","15200","","146600","7233900","","289500","9400","","","","873300","","586600","105700","","","","17300","159700","","","78200","408100","74400","","","669200","","51900","","","136700","","","","63900","53100","465800","304100","","2024000","9800","","1539500","","5258700","","","470600","","709300","","27600","2348800","","250000","","","","","778600","346100","","","","","3349600","","664500","76600","71700","","","3461100","","","","","","636100","242500","","","","","","","","231700","27100","5288800","","","","786000","","","178500","210700","","","","1855400","","","97100","145400","","","","68400","54400","","172200","923900","","","413500","79100","","","931100","","","249700","83000","1473400",""
1964,"2011600","15100","","","","18800","","168200","7001100","","300300","9600","","","1849900","1070500","","588000","132400","","","","15500","176200","","","78200","403600","84500","","","792600","","100500","86600","","145500","","39800","","65200","70900","603400","323100","","2260800","24000","196400","1576600","","5321100","29600","","485000","","754500","","29700","2680400","","282700","","","","","831600","294700","","","","","3462600","","637100","66900","71900","118600","","4016900","","","","","","793400","323300","","","","","","","380400","222000","28000","4476700","","","","884000","","","111300","211400","","","","1885900","","","113400","139700","","","","70400","55600","","204400","970800","","","456800","95600","","","894300","","","296800","63000","1547000",""
1965,"1733600","16900","","","","17500","","184000","7997400","","366800","15500","","19400","2306100","1089300","","591000","88100","","","","31400","221500","","","91200","453000","88800","","","977600","","94900","107900","","176700","","41500","","70300","","734000","253200","","2325500","25200","303500","1689200","","5954900","","","564900","","789800","","36400","2730000","","3013800","","","","","848900","311700","","","","","3594100","","680200","81100","70000","167000","","4039900","","","","","","872200","426200","","","","","","","412300","232300","31900","4979200","","","","867800","","","92100","","","","","1619800","","","112000","156700","","","","54100","56100","","233800","935300","","","523900","93300","","","885600","","","302700","82500","1635400",""
1966,"2158400","19500","","","","21100","","181000","8011600","","396600","21700","","20200","2830300","1133000","","604800","110500","","","","23300","234000","","","98800","437800","81200","","","1017100","","84100","135800","","321300","","49700","","80000","","719700","120100","","3589100","24100","359700","1806000","","6466100","","","449500","","898000","","36500","2745500","","4616000","","","","","923400","351100","","","","","3720500","","778300","70300","87200","152200","","4690700","","","","","","1143800","464700","","","","","","","407300","235700","33800","5652400","","","","849800","","","102800","267300","","","","1865600","","","120300","161500","","","","43600","50500","","278900","798600","","","513000","98300","","","928500","","","370900","82100","1817100",""
1967,"2102000","21600","","","","18200","","185100","9250600","","295000","30500","","23200","3040500","997400","","630800","82900","","","","43400","237200","","","92300","476700","82100","","","1098300","","71800","121600","38600","256500","","52800","","89700","","775700","118900","","2463200","25900","390000","1804900","","6710100","","","478000","","955500","","40700","2683700","","2134900","","","","","909900","371900","","","","","4102300","","758400","81900","82600","137800","","3519600","","","","","","1282800","543400","","","","","","","426300","245200","33500","6781700","","","","797200","","","114200","281400","","","","1915200","","","140900","186700","","","","37800","49500","","271000","905300","","","516300","88400","","41400","882100","","","340000","102100","2238300",""
1968,"2303300","14900","","5500","","34100","","215900","11140700","","320800","42000","","26300","3475800","1094000","","668400","80100","11000","","","34800","246500","","302600","101500","469600","97200","","","1251500","","68100","123500","39700","234800","","49000","","106400","","1025700","117500","58700","3901000","28700","654500","1986300","","6667100","","","479400","","1009800","","44900","2277600","","2019800","","","","","1064000","347400","","","","","4751800","","542700","87700","89900","127700","","3479100","","","","","","1540200","581200","","","","","","","470300","288400","35400","8911700","","","","869400","","","102000","301700","","","","2187600","","","169500","160400","","","","44600","63000","","277200","1108200","","","614800","99300","","41600","962200","","","310400","95800","2281100",""
1969,"2489800","11800","","21100","","34600","","302600","11865100","","366900","36400","","26000","4031300","1142400","","672900","89800","","","","31900","236700","","434800","87100","458800","117100","","","1187200","","61700","98900","34100","215500","","63200","","104800","","971400","95300","57500","6270100","28600","781300","2192600","","6331100","","","446200","","1031300","","32500","2403200","","1993800","","","","","946000","501600","","","","","5614900","","875100","110500","106200","171000","","3874500","","","","","","1299700","677100","","","","","","","529300","309200","37500","10451000","","","","1004900","","","146400","334100","","","","2217200","","","170900","232900","194900","","","48100","60000","","264300","805100","","","488800","105500","","47300","896600","","","324900","113700","2291300",""
1970,"2776300","11900","","42000","","39700","","249000","12789700","","345900","39700","","33400","3987000","1227100","","712700","116600","118200","","","31300","261500","","561900","134300","580500","136000","","","1273500","","77200","100100","39000","287400","","77100","","163400","","1121500","100700","68200","6879400","35200","907500","2258200","","6778500","","","518300","","1120900","","26700","2382300","","1388600","","","","","1019000","401800","","","","","4897100","","652900","124200","115600","159800","","2782000","","","186500","","","1726500","658000","","","","","","","546700","370900","44100","11256100","295000","","2096700","1151400","","","157500","342700","","","","2357900","","","185800","254600","302300","","","53000","63700","","276400","660900","","","515100","89000","","44300","997100","","","489400","132300","2277200",""
1971,"2101100","14500","1400","25900","","40300","","223600","10404800","","377800","59200","","55400","4163200","1490300","","791600","117100","88400","","","24100","304700","","750400","135500","290900","93900","","","1100500","","85600","82400","32100","325200","","80600","7400","185700","","1041000","93700","72600","5244600","34100","680600","2402100","","7173000","181900","27100","636700","","881900","166000","22400","1506400","","1412400","","","","","887000","225200","","","","","4419100","1159600","421200","110200","123000","149000","","2330700","","","192100","","","1571900","727900","","","","","","","575800","372600","52500","7882100","210800","","2181400","1072000","","","156600","424500","","","","2449900","","","182900","237700","242500","","","53700","68700","","295500","719500","","","568000","103800","","40000","550100","","","392300","123400","2342200",""
1972,"2285881","18086","2769","25960","","45850","","273322","11018285","","424830","61146","","60639","4943890","1577406","","856086","117503","","","","41500","495753","","731916","139200","293999","79074","","","1534328","","83952","79435","31731","322996","","75298","7731","222229","","1087547","74457","71393","4205735","39050","962742","2698300","","8034753","271539","39068","650010","","867615","377378","19934","1650368","","2495951","","","","","1051755","230927","","","","","4717594","1494194","447660","108454","109876","163900","76632","1989112","","","316617","","","1699782","725883","","","","","","","586655","402658","42241","8865225","546266","","3081256","1223473","","","169706","458970","","","","2513420","","","180221","268832","265120","","","52361","68380","","269224","534135","","","579456","90831","","38700","505000","","","423725","152872","2190301",""
1973,"2394000","16100","1700","45700","","35100","","234800","11423900","","429700","41900","","62500","4712000","1502400","","840100","135100","","17000","","33900","450500","","715900","143600","315400","76400","","","1044000","","77200","56200","20100","305300","","84200","8800","113200","","1018100","81900","77100","4031700","37200","1199200","1909700","","7586300","224500","45100","698900","930700","935700","394900","20700","1214100","50300","3056600","","","","","899300","209600","","","","","5340600","1677700","428000","85900","109100","119200","659700","2422500","","","579200","","","1754500","717200","","","","","","","635700","361900","37600","9387000","865600","","1300400","1065100","","287500","143600","461000","391700","","","2507600","190000","","161400","228700","54400","","","61300","78200","","247100","666300","","","654800","103200","","33900","479900","","","413600","148100","2254300",""
1974,"2335800","16500","1300","43900","","34800","","267100","11383600","","408800","33300","","59000","4331700","1510700","19400","672400","98200","","104700","","36400","403500","","709700","114800","368800","62800","","","781200","","74800","52900","17500","336100","","85900","5300","148700","","1224300","60400","77300","3774900","32900","1129500","1888600","","7807800","249000","37500","570500","1011600","695700","381500","19900","2307600","63000","2197200","","","","","1216800","203800","","","","","5731600","1732200","575100","99200","85100","108700","522600","2827600","","","379800","","","1566900","699000","","","","","","","812800","337800","42900","8579100","882000","","1084500","781000","","296300","148000","353600","241900","2500","","2489300","190000","","113600","193300","212400","","","49300","71000","","250500","576600","","","553900","124400","","39400","428700","","","472700","105700","2274600",""
1975,"2380500","26400","2500","46500","","40500","","348900","11806900","","579200","36400","","71700","5192600","1572400","30200","790000","135400","130300","103100","","44900","427200","","852300","143600","545500","69500","","","782400","","72000","67000","18700","347800","","89400","","238900","649600","1150200","71200","92100","2242700","41700","1108800","2625100","","8541500","1040200","50300","91800","1364700","780000","360500","18100","2265200","100500","2191000","","","","","1031500","282400","","","","","6001500","1708800","496400","94200","114000","131300","494000","4351900","","","403400","","","1680700","805900","","","","","","","1243600","488100","49000","8825000","866200","","1083400","979400","","277300","164100","502500","339600","14300","","2842200","190900","","179500","236500","65300","","","55900","78700","","267200","512900","","","564100","112500","","41700","324500","","","485200","134900","2537400",""
1976,"2353300","41800","2600","62700","","47500","","373600","12665800","","625600","42700","715400","80000","4989900","1579100","38000","876500","143400","217300","130000","","51500","448800","17800","736500","166400","582400","67700","","","955700","","82100","63400","21600","335400","","98300","211700","276700","838800","1335300","65200","126200","3070200","44000","1009800","2791600","","8991500","1049600","81400","139600","2350700","824800","307500","18300","3687900","153800","3337700","","","","","1127900","213400","","","","","6705400","1826100","635400","105000","117200","244000","492000","4352900","","","386900","","","1748900","882300","","","","","","","1165200","492900","71100","8792200","765600","","1317100","1066200","","324400","198900","415200","356900","17200","","2727900","220900","","159500","288000","82000","","","71100","80300","","322300","831200","","","575200","151800","","53300","458100","","","505000","191500","2682400",""
1977,"2734600","21900","2200","64400","","51600","","310500","12482100","","611500","60200","845900","75500","5318400","1786500","38200","862800","123200","175000","120100","","25300","427000","25100","865900","157300","620400","65300","","","948000","","139800","69600","20700","375700","","98200","102000","216100","717700","1163200","73700","69100","1527900","46200","2066000","2627200","","9173600","160000","92200","105700","2900000","706200","291200","15900","1520400","264100","3490600","","","","","1041000","164700","","","","","6301300","1630800","676800","102300","96300","246700","480400","2350900","","","390100","","","1806300","760800","","","","","","","989100","495200","56200","9770800","682300","","1398400","857300","","294700","188500","510700","446600","18000","","2882100","198200","","102600","323800","105100","","","69400","74000","","280400","898600","","","622300","119500","","42900","532700","","","535000","215200","2392600",""
1978,"2684933","21433","2455","58360","","53000","","271879","12687360","","679260","85206","882619","85932","4995972","1799894","39126","867277","135620","227527","118929","","28000","492734","36375","729260","142200","673610","67570","","","923714","","167987","68200","21914","345624","","104457","87043","168125","739286","1108988","46500","67257","1491560","40193","2136380","2748642","","8695534","495012","108755","188262","3946035","629747","295913","17780","1785606","677532","2654768","","","","","864733","216793","","","","","6649576","1782299","712545","110136","88668","240500","450204","2424478","","","353513","","","1640488","1033811","","","","","","","724850","457986","56967","9730148","917581","","1422350","951402","","287447","180595","521012","491985","18793","","3024868","203130","","131079","329991","75931","","","71133","76558","","288972","888760","","","580244","104975","","72600","539053","","","481140","234735","2569268",""
1979,"2787366","34322","1922","58225","","41186","","234286","11700219","","558095","82390","859943","74545","3921968","1516879","34062","721647","112482","216996","111129","","78441","452889","35811","809007","179738","631152","59064","","","718102","","169209","72465","22908","305153","12008","90584","68288","156749","496921","1010717","35117","78748","994035","31933","1655995","2131716","21325","8019788","250595","110478","161485","2965041","437448","205028","18084","2002333","1606166","1859431","","","","","804175","212876","","37595","","","6155100","1849425","794710","96565","93453","237793","403236","3352343","","92839","295303","","","1384910","778444","","","","","","","956954","382085","44272","9475305","742997","","1453034","671583","","270376","143995","499209","409436","21737","","2568530","391683","","97241","308723","72458","","","69847","59013","","335275","633951","","","580814","118136","","80559","457443","","","396322","186875","2350782",""
1980,"2779666","24974","2211","73995","","37317","","336119","13415014","","571541","71305","885620","56505","4788342","1510237","37160","672963","109202","164484","78355","345956","85766","485666","34682","891490","172932","618140","75555","","","744244","","128619","63465","24036","350464","35922","102361","64975","162142","488614","995434","35941","80568","1096364","32734","1571491","2304973","19449","8440953","283365","113825","156754","2507507","549997","212702","16278","2033208","1222874","1928825","","","","","819065","214931","","48442","","","4965601","1570790","833400","87993","101060","218811","408434","3307585","","274149","317982","","","1495787","797913","","","","","","","1005047","413885","41793","10601566","796079","","1428711","683121","","311000","136358","404358","372212","21606","","2641937","354173","","97910","312079","60147","","","60328","54996","77764","377751","834252","","","511476","97504","","75973","473061","","","428809","161846","2490282",""
1981,"2997972","27055","2384","65557","","43176","","266604","13625753","","474092","45502","1066706","89915","4978838","1634592","44059","771766","102768","113324","104717","471051","64614","425046","37530","988951","165366","630402","79881","","","564721","","110844","71179","22616","299252","51633","136786","60696","231224","334867","1000456","41052","94993","1239647","36417","1733529","2472270","23559","8312884","231632","142641","220944","3316477","589288","256910","16421","1567871","1023436","2282261","","","","","776850","223851","","56182","4616","","5219266","1559283","873754","87038","130765","225590","402686","2989487","","321762","300685","","","1404317","792371","","","","","","","1047239","472306","45059","11160608","829026","","1361644","747832","","329775","149172","467161","335441","24888","","2911242","355962","","109018","353815","59284","","","70528","59422","156437","427699","689442","","","556494","97085","","80047","503424","","","429618","183448","2516893",""
1982,"3572114","25440","2398","60069","","41128","","227428","14360184","","471517","49915","1072818","97079","4021111","1698543","50216","781963","105190","95894","114800","665192","52502","632023","38450","994265","197272","679992","94305","","","550168","","151607","74988","24419","300353","63725","129012","66595","201353","332693","961455","43620","107725","1151141","37902","1733226","2293127","27790","8177869","277869","140620","219540","3507438","682386","254334","18971","4318501","1066573","2967323","","","","","831044","213630","49688","53084","4858","3775","5390496","1909655","819328","77705","149368","207898","432695","3131753","","401022","290524","","","1526676","668601","","","","","10538","","1037897","454985","50192","11051140","857016","","1449168","710619","","356415","134782","439724","345920","33706","","2564116","445183","","121867","348633","58630","","","68844","58290","106502","368936","614788","","","543581","97811","","78374","467392","","","415360","183666","2415587","697"
1983,"4124639","26162","1919","55148","","46748","","291618","15208455","","472633","51641","1075321","100022","4595071","1685628","46673","712247","119229","124165","119639","1081924","57842","718375","32832","1050217","220721","635582","99562","","","577439","","140461","71334","60788","359761","73306","118692","63154","239650","256219","244328","82592","111083","1198949","37717","1873031","2248082","34292","8435475","217141","142736","161504","4060386","600823","242562","22608","4767889","1510630","2948022","","","","","765755","224512","52155","52551","8373","2365","5913768","1844870","666341","68737","147208","216252","448078","3352825","","437999","299460","","","1498503","720745","","","","","6888","","1015027","479722","39532","12796122","858041","","1408642","708512","","441271","133831","419793","347840","40719","","2599006","440016","","123519","375136","55901","","","70039","57922","223096","420104","653835","","","492902","108114","","93573","503739","6759","","484289","190938","2457464","955"
1984,"3734763","23398","2251","59635","","37695","","253048","15135991","","495104","45816","1181302","102533","4560713","1396076","48756","712989","133680","85473","125726","813317","65511","719816","32372","994143","221504","621197","92793","","","628658","","145137","69004","67292","389893","78035","121561","56352","265378","304382","232626","86914","112747","1212226","35013","1971102","2173584","23766","8508390","261142","151862","204413","5803384","673944","226429","21849","4827270","1560428","1709993","","","","","937262","232275","61752","62830","7895","1075","6276562","1944648","622908","65611","145975","217844","431196","3963471","","596304","276414","1081095","","1501450","703100","","","","","5370","","960840","528413","32715","13478261","637836","","1429268","714761","","407697","129064","406832","383120","44953","","2231448","462922","","119870","409112","51714","","","69665","58260","159854","383092","1112881","","","542930","105172","","124011","536022","9211","","409493","207893","2738467","988"
1985,"3745570","24555","2200","69523","","34603","","266012","17193408","","500782","62345","931769","116672","4374799","1224687","53689","732482","142252","128012","148992","1499103","79732","729685","30077","1071782","201869","576679","93074","","30712","697646","","164145","68410","58625","272832","76193","138410","67100","264829","367587","240932","53952","121555","1321130","35739","2078866","2711529","23166","9319290","332849","147758","179278","9880814","566661","207845","21268","4867399","1800326","2140316","","","","","874456","212605","81954","59847","12391","1305","6952147","1597719","517471","68254","159861","219215","431347","3810581","","706921","287622","1122489","1428","1507939","723998","","","","","5335","","895775","545624","43908","12931973","629234","","1358900","736659","","397884","131204","431922","394844","48014","","2248854","439033","","116922","412501","51745","","","73606","58022","154799","324128","899674","","","486754","104050","","176821","477585","14755","","448677","191950","2831952","2073"
1986,"3929054","24693","2202","68990","","39388","","289117","17076150","","578018","74708","1136380","172987","3991213","1535913","61346","752552","160936","2213555","194987","1670336","94513","788593","28165","1114756","209398","586668","87764","","30313","739072","","135883","63918","55138","259622","82923","160019","57857","263145","299413","252943","46630","120903","1363161","44465","2438898","3035787","27029","9836306","311053","163313","171010","7646201","907747","223940","38276","4964318","1676583","2311147","","","","","1028785","221157","100649","55561","11757","1085","7753333","1406693","790311","77061","173778","212002","440775","3972460","","802479","308124","1176096","3107","1646673","793274","","","","","4943","","1208554","642027","45821","14364008","683056","","1351018","761257","","406619","138993","449660","432400","56424","","2408234","438772","","189774","426454","48359","","","82784","60117","162598","395597","1066054","","","666879","109855","","270384","483334","16764","","630779","207951","2876717","1707"
1987,"4288154","25617","2494","93289","","32694","","285439","18604627","","718342","93015","1037027","172384","4941569","1629277","55196","781300","179915","3040848","220987","1533016","90786","776593","27879","1096823","209774","665345","87634","","28814","787493","","84457","52237","43565","282944","74496","129293","45338","249898","225272","381504","69220","119724","1335247","44404","2858739","3513030","25407","10209841","325231","156344","149971","4826892","916361","218664","42671","7300123","1576238","2364694","","","","","1081172","218080","102155","49617","16265","230","8098685","1280496","1067001","75048","174798","219075","418356","4308292","","740875","330848","1211526","4432","1636340","667014","","","","","11124","","945530","738047","41026","9941614","651606","6722","1280744","758082","","474934","117053","418145","415580","54945","","2531864","625549","","128776","449423","33739","","","80906","63327","157753","411391","869149","","","567613","115495","","278170","563720","17012","","315957","208953","3152275","1789"
1988,"4502283","21617","2140","123622","","43351","613011","269073","20002975","","791348","95052","1038035","212100","5180970","1929713","57863","786135","166782","2843214","211518","1691810","93604","760840","30066","1076510","152281","692267","101565","23546","29158","1026188","","82960","54703","48012","287379","68280","129873","52659","275178","324942","404422","62949","113783","1464544","44830","3529241","3859886","22886","8770781","301410","178910","170880","5197899","697230","310220","34838","5362893","1885376","2477458","22857","","12462","","1007695","240349","105590","64657","16912","2275","8327850","1321739","1366305","77555","203151","198685","606918","2787270","","703408","303214","1229295","5419","1735610","778861","","","","","12499","","1001990","802819","49020","11685582","605967","16346","1546702","857031","","553774","105190","358823","392537","53248","","2544211","529414","","129361","515084","36469","","","78382","60311","207465","432718","675690","","","556185","97684","","351658","578016","22710","","328617","243666","3216681","1255"
1989,"5440952","22595","3842","133324","81157","50031","730183","288586","16176171","102779","808045","73779","949201","257411","5020069","2097991","55435","792378","164011","3285976","200677","1668113","95020","887570","35149","1125447","116714","664449","109665","52554","36466","913372","","91675","55026","42735","279977","76753","87516","51271","229464","404922","448985","76011","118085","1352728","52185","3452847","3966209","23415","8333553","277387","168872","132553","4458368","624168","299831","37393","5174682","1791902","2518712","34520","","17354","","1037349","228591","87736","67182","18824","1970","8495295","1274916","1097136","76871","206821","211587","582589","1462609","","735209","286686","454519","5625","1672840","767138","","","","","12087","","916595","835802","46260","10837879","391433","21305","1580800","824141","","565242","109198","305127","414380","59754","","2502915","553779","","149280","499265","86658","","","61106","61912","226125","573188","571862","","","568530","83884","","262687","561758","15495","","472894","245948","3308159","916"
1990,"2339591","20315","3418","131735","127790","43820","794539","275323","16854602","194531","862659","32337","1079022","276831","5449380","2072715","54568","747016","175025","3381595","199007","1762950","124858","897802","36414","1102283","147675","690965","108522","78993","42833","957925","","100897","56547","38399","289411","76294","85233","53007","210380","399460","449004","83447","119751","1243642","52316","3074242","3776685","26753","8151769","301184","192890","189013","4873730","542619","308311","38101","3347163","1919901","2382612","34822","","23580","","1062867","217011","103404","89867","12534","2586","8582223","1358778","1542515","72570","262728","210377","452894","1265085","","728112","193066","615002","5938","1924538","799972","","","","","11569","","857156","852678","51640","5505253","456444","104902","1739597","844592","","561973","106623","290457","392366","63398","","2647323","489274","","163910","502450","42426","","","45536","63945","215924","723521","530733","","","582487","85287","","156676","586464","15853","","463461","249954","3124939","1965"
1991,"2475857","26958","3812","154816","159172","54065","860017","316336","16414294","232064","929067","51542","1159001","339315","5442379","2098930","65157","679450","176910","3344143","220284","1660563","147555","951728","36452","1090929","180974","743608","125697","69119","77632","1292014","","132438","66711","46816","282468","74495","75748","57172","245417","349710","471311","89175","128120","1415840","53007","3181144","3886031","26927","8654459","249163","200398","199587","4987978","489919","298135","40356","3200377","2058801","2622425","34279","","46780","","1071022","233941","110597","108160","13845","2795","8445016","1280021","1771420","76150","279799","209197","509507","1141278","","711748","194220","660651","5241","2158195","905485","","","","","15370","","769746","876093","68511","5832697","22796","86414","2304761","874521","","704894","120419","290726","401540","70514","","2751781","468790","","169919","520487","50659","","","62639","58269","222637","434754","864799","","","588543","83876","","146947","597057","17267","","461494","234122","3423101","2050"
1992,"2382113","27400","3419","183473","212682","64177","752203","337209","17561391","341487","1018174","48621","1032992","395698","5116923","2047103","54941","688742","172345","3288132","211284","2325277","179361","962396","39737","1098183","205387","869183","128942","75916","89363","1025686","","130028","73037","52958","289361","84695","101090","59621","291458","332928","472623","70888","136125","1299203","57287","3587754","4203545","27853","8931690","261340","175120","203723","5427729","449341","305617","42989","3237516","1973098","2415514","35132","","42591","","637446","230285","148019","112136","18849","2829","9016525","1296962","1121973","164132","257179","212037","520940","1237659","","733330","190414","676657","6396","2392858","867606","","","","","14482","","1091964","902010","64958","5776191","20295","186272","1649662","930031","68065","583110","124075","303909","434110","48792","","2788868","500960","","154661","597942","36984","3161","49861","60375","52951","207751","392702","910493","","","590371","73198","","174626","660296","18475","","477643","267090","3819518","2430"
1993,"2656034","43877","3155","189009","234830","62198","737947","319322","17889335","328256","1107951","60204","1211492","434844","5154610","2259889","56992","687161","161886","3319237","257594","2844674","159553","975997","38166","1089098","215493","998474","89434","90316","90136","973706","","129646","71249","47413","327450","77946","116926","54785","306568","255829","472239","37272","143471","1411453","61105","3584158","4575602","26987","9283848","314986","201054","188272","5456294","426481","223268","46537","3168317","1763094","2539740","28737","","44481","","636515","232688","403250","104950","17472","2816","8941225","1480987","1198605","178863","210176","176591","451674","1258534","","602173","184841","625607","9251","2396234","614897","","","","","13816","","953630","946262","58215","5752880","21378","226077","1390130","936429","66870","610811","107292","256612","424819","42945","","2780342","373518","","174913","514943","47958","3589","52945","70161","53363","258994","452936","1010001","","4885","611252","76900","","187833","537075","30111","","477362","262769","3839645","1951"
1994,"2710749","41179","3392","160394","294307","65671","800460","214194","16928639","467858","1028134","57294","1432880","429921","5228594","2383684","54478","617087","170572","3481327","250645","3472026","167831","954010","40743","1064538","250385","971487","99838","101492","82999","886455","","161991","69129","46125","324179","73050","103800","50193","318366","203253","493643","54540","165322","1674532","59693","2797734","4364316","26056","8628174","377531","203520","212986","5069495","394322","249833","30986","3138276","1699958","2553696","28405","","46370","","725930","228759","401034","103048","16929","2781","9566725","1535448","1515674","112349","193558","192460","461966","1200094","","442814","181555","617094","10269","2009935","917534","","","","","13875","","1062161","923687","70225","5287801","19323","241947","1471313","922927","85869","581281","116374","232766","454457","44295","","2968450","424835","","200210","522963","66215","4802","50329","69083","66097","270922","329531","801381","","8634","583061","70635","","205093","871061","29187","","475755","264747","3962117","646"
1995,"2845378","47312","2769","145307","365463","64125","892328","221113","17415519","358029","994548","57716","1380438","448769","5141039","2384388","48634","588609","164753","3672620","222548","3457002","158175","1020369","40022","993072","211549","1109421","75090","100366","84879","820466","","124405","61032","48310","288674","49559","96054","56139","310309","244691","465082","115800","131337","1642982","62292","2511353","4557645","29395","9080420","333010","208972","230513","4520356","386247","241959","32626","3054818","1696488","3234977","32261","","49634","","832794","229746","429570","121752","17116","2781","9838702","1470137","1341016","121507","194410","135400","428202","1291628","","495773","159430","625271","9433","1935709","676087","","","","","19402","","1078632","926631","57706","5849061","65984","232228","1519853","935065","88196","462687","104007","239320","436654","45649","","2878169","458525","","177278","488911","89358","4872","50812","70936","57711","492256","354937","896019","","10519","604796","79059","","145809","805688","33565","","434671","262675","3958406","658"
1996,"2704831","38230","3276","139446","424920","50235","855882","200125","17169062","345739","1269600","45618","1496961","447527","4901782","2355580","42879","557217","155941","3753944","186130","3540375","189434","1051683","43182","1017256","206131","1189215","93894","101158","93998","890167","","122565","64560","45985","308348","48406","75056","48429","352769","247954","477991","98127","135132","1632720","56933","2505004","4537703","29175","9265667","322800","223485","614766","2581037","314548","241757","36384","3128028","1526166","3649308","39766","62314","48836","","502749","227709","480817","111642","15987","2781","9350847","1676466","1045455","108298","179573","130805","412524","1190961","","541515","136892","489122","8536","1896829","725086","","","","","17807","","955938","1029336","58516","6088610","27910","216699","1475942","829495","90533","403684","96157","239369","441828","46593","","2923755","422653","","137366","198349","131890","3946","59701","71970","62206","494267","368899","968615","","11127","616699","77338","","259201","781171","30490","","393721","238889","4046207","1005"
1997,"2760306","56643","3363","121841","462553","51708","858388","209863","18373279","365843","1174824","53583","1368632","432697","4608454","2515057","41402","540797","157447","4109013","193649","2957698","188369","1372951","49864","966680","221633","1188212","76573","105707","85226","989532","","130386","62191","43563","354977","48423","62392","82552","360637","264052","464773","126432","194292","1727070","61638","2430781","4791668","28460","9965075","420875","231980","663904","4697014","340246","210736","29477","3155195","1483782","3420076","44548","75962","44258","","484718","237579","655858","116918","25206","2781","8528420","1683646","1431960","111733","199822","158806","442514","1557964","","510922","129667","587734","8411","1997658","1025826","","","","","23008","8213","828902","947062","47139","5992978","27203","298642","1602504","823266","92209","413963","87907","223655","478023","46584","","2965354","423622","","138405","187734","129818","6023","121420","79402","58713","308215","382417","894000","","9069","629507","77601","","175688","832033","25354","","425132","233582","3669970","1856"
1998,"2594497","63569","3293","111100","474895","64968","856480","193451","19026498","384331","1166331","46455","703301","436524","4804185","2737640","37911","522076","150715","4390268","186480","2935043","180727","1317835","45351","973652","242226","1177746","70559","95001","85347","1118215","","129301","64846","43530","357928","50328","41846","46007","365326","273951","449798","105856","143092","1701660","51594","2442990","4239682","25374","9989395","147634","227924","753943","4293301","371094","231932","38910","2997127","2108789","3420352","49629","83468","56584","","540212","253283","679980","108093","23523","5550","8788055","1636419","1545150","115727","234227","149323","408051","4368912","","554612","124212","567737","9405","2113992","972709","","","22652","","20087","7747","965253","853821","52210","5810094","32753","249518","1547989","816506","77537","455120","91785","162176","492210","57364","","3035422","452748","","170227","175805","131741","3034","633233","78822","58853","292245","383038","1005918","","11844","592957","77967","","176036","849974","74263","","419210","217466","3657132","4451"
1999,"2602227","84574","3047","111391","503110","62302","860224","200142","19836842","391235","1081521","","846512","446160","4915414","2634587","36442","514418","151185","4467492","162495","2898155","186373","1434425","44127","1044523","275505","1227583","80414","109008","65703","1073982","","176230","60419","42572","305305","42250","35880","51228","377650","248131","480820","110971","146413","1641838","51539","2639860","4575124","23502","10283598","110994","219591","740024","4597270","333738","199350","41510","3067187","1748047","3481042","49097","57905","47328","","559534","254158","693883","116012","32455","6309","9023943","1779138","1403793","135180","211494","146914","385683","4099480","","551208","122116","537685","9645","1710983","815338","","","44964","","20325","6577","869884","823489","81574","6392961","21488","245899","1536301","666978","72604","442916","92605","145993","435810","58317","","3186323","328506","","158602","183198","188431","4038","637012","74006","56189","354356","313863","1021860","","15058","553948","74954","","177721","761717","36672","","375681","245225","3493607","4072"
2000,"2469238","87347","3131","133396","505062","40470","864200","191506","19153081","393175","1099275","","1115345","401558","4581169","2647383","35240","469303","124130","4588273","183418","2659709","212876","1520386","43782","1022320","253421","1179094","77563","76557","76958","995390","","189948","54988","40001","244750","36479","53628","38667","376688","258667","489833","111299","134241","1542184","46194","2568111","4460228","20864","10175812","169511","198762","822948","4590595","317699","192815","43892","3179157","1820228","3458956","52103","86989","44150","","528987","257499","697051","124680","33048","2646","8755005","1615751","1415627","114337","214759","154031","367968","4009145","","604787","108728","488094","9514","1749268","692006","","38010","46289","","14066","5696","1004195","789131","89872","5737183","25704","240194","1568758","605192","61170","422683","92391","175581","419518","54256","","3185392","369736","","163914","167988","178795","4414","650585","76059","53706","276178","410575","934226","","15910","515229","67035","","196502","668507","26501","","429472","243270","3400903","3677"
2001,"2516551","167500","2456","142340","409771","56619","916548","181018","19969587","390130","1068619","","1062962","368592","4391478","2592889","34769","455621","132630","3601635","216320","2751256","218361","887488","45193","879776","221282","1014636","79846","118374","86012","1049851","","195303","56946","35581","267464","40673","84974","53065","404662","267032","465323","85107","129161","1792380","49447","2340031","4104809","20188","9197697","192154","222307","858125","4549900","325156","183640","52077","2813047","1735404","3532524","59716","63006","54000","","541787","267402","713436","76030","36280","4217","8465547","1248278","1252160","113882","226137","146037","392214","3968357","","723568","101824","529503","10147","1883580","822684","","46834","26350","","15950","5769","1072979","710595","88320","5552351","27739","193105","1488355","583904","60608","421312","88512","217721","402071","54745","","3139685","257903","","154897","159523","190029","5241","707183","80006","49570","306639","396656","992284","","17643","518958","64679","","223531","650357","23771","","438548","239476","3368731","6571"
2002,"2558572","173944","2125","146484","449481","61142","852873","173687","21538760","299958","886436","50213","1075747","367078","4455931","2923894","38052","476259","85375","2976795","221604","2806578","214257","915347","41576","732713","194161","897596","75061","115893","71189","968909","","184575","56454","39920","278565","38439","74906","77863","387394","287233","464890","79548","128207","1833033","45585","2106896","4001974","20273","9316420","144289","202911","762412","4561862","286289","191812","52330","2972104","1989941","3333454","52706","60825","70101","","545420","265077","754436","66182","31662","4046","7550284","936234","1444751","116445","231907","127225","390076","3551973","","742016","95188","420089","12323","1891307","779147","","52823","31940","","16036","2554","1179317","643645","86782","5643170","20691","232768","1607279","571586","59222","429229","84299","248577","377125","60851","","2988475","279060","","142812","150664","173996","4824","655335","57328","48438","296095","403016","1023370","15374","16113","498964","61293","","203356","810298","21880","","440737","236394","3361867","5144"
2003,"2431062","215659","1811","129995","400902","56146","752140","167247","18344051","227200","903760","46274","1045898","386986","4066365","2660535","32570","457631","87687","2941250","260142","2694541","228162","987782","41727","1008810","271737","890375","79658","151127","58843","1040648","","180656","54204","35317","177263","29650","73676","56646","510383","264566","443634","68057","124429","1769688","47869","1876984","4124900","18521","9366845","367427","181357","530756","4939771","264478","183364","49779","2712277","1953449","2685219","62784","57972","77632","","555987","272106","844576","64097","36605","4006","7915581","972722","1356331","119515","255853","126924","383025","3272596","183896","684856","85339","474238","11517","1869137","759953","","61917","33037","","14594","2467","1176283","637024","67272","5555984","20724","206337","1301415","586245","58101","382456","82290","212180","596961","103040","","3067256","282838","","106862","159073","172113","4801","810821","59216","52393","256987","359982","901672","15467","15455","492008","56009","","200081","874167","19426","","712181","266159","3378664","5552"
2004,"2207847","239504","2012","126441","385194","60128","696114","175581","17999116","236353","987253","44806","1050211","371706","4106840","2208189","28372","419599","93933","2949231","244496","2672138","208565","929583","38287","1006102","236717","764820","93575","137170","53765","1181355","","171505","54007","37127","270050","28973","78444","68427","682415","253486","443030","83010","133528","1724420","45349","1841845","4326234","20399","9167046","200000","182351","277484","4241477","260783","182545","48776","4087918","1810330","2779350","71294","61797","91462","","525035","268504","843623","66786","40166","4744","7819984","768715","1279051","106940","219192","129392","361349","3988650","174439","677639","80730","482250","10913","1888267","722132","","75449","29205","","13686","6329","1072149","644452","60676","5389227","16912","242682","1317746","580000","97498","381854","81773","220044","819221","101092","","2781899","313904","","114007","126911","144226","5940","750230","63217","48502","225565","405264","958081","14733","11333","448185","56169","","162798","593877","19772","5382498","421341","247971","3280911","4260"
2005,"2051484","220467","2919","115357","768687","54934","699230","180814","17882567","327921","1017681","47883","1007446","393381","3712812","2260628","26640","413786","97214","3487307","231380","2511306","208936","1006447","40291","882768","240172","800113","88546","116194","52690","1233837","","145736","51858","31551","276071","25798","74400","38237","801198","306802","534636","80046","128134","1705601","40058","1908726","4401522","17553","9192477","200629","170383","497193","1689400","241807","152214","54284","3951073","2127336","2944976","94945","48772","85891","","594893","268394","888255","70783","31079","5037","7692438","1113192","1272119","107475","245266","147443","419552","3638806","201442","722458","75932","454716","7968","1878006","715622","","78172","28660","","10445","8570","1027033","622320","48406","5482282","18686","175800","1554729","598378","102623","476888","69820","232213","476237","112137","","2798368","521695","","98394","229913","111879","4500","903177","75140","44022","248953","372517","703484","15311","11129","450447","55826","","207199","612478","18239","4410379","458948","219480","3304144","12784"
2006,"2083588","225318","1882","121009","825857","55049","622807","160450","18953478","255060","890676","47456","1005402","392537","4487716","2125005","28799","407367","88295","3415397","221048","2842670","143664","936929","44025","936380","245503","744440","90199","107792","14493","954022","","224114","49091","31512","299432","24269","77014","60589","690307","315390","499324","105657","128579","1666365","40510","1885378","4279439","19795","9289215","195038","174157","486162","1986816","267501","134980","53667","3532245","1938132","2572072","86016","46839","112344","","552766","259287","903079","53107","24235","3005","7777753","1037610","1281586","104490","218816","123781","388887","3810347","211047","632234","78792","470683","7803","597934","674851","","88200","22484","","24735","16858","1084041","597762","44378","5713583","19167","185176","1491380","581681","121825","419298","66867","209312","485145","98026","","2743676","506841","","99581","221406","103324","5019","1011989","63733","45015","200338","391899","676605","14408","11795","440927","52849","","141677","591049","16146","3865430","466144","236449","3242644","12083"
2007,"2202228","224880","4028","123215","822864","55415","626751","219576","17352286","265459","1012563","46303","1038449","417560","4351609","2237378","28820","409560","76854","3509468","218195","2836077","197255","994985","72449","964640","260843","704122","88268","110639","59846","1074764","143725","250616","51435","30471","321717","22314","83850","59643","682645","324660","469920","84171","114560","1647745","41690","1894114","4413668","17494","9372253","198237","165110","445752","2034294","249908","118298","70216","3705538","1972344","2385387","84501","60992","119237","","580129","262283","975043","54971","22558","847","7622139","984108","1450438","102629","234380","128596","358809","4214167","264189","519706","85818","453297","8026","487305","584926","","81344","32179","","19678","17324","1107254","597611","55039","5777666","19534","182504","1789783","563590","112868","441521","72422","295853","489785","104907","","2895383","519330","","106708","231855","109894","4886","999833","56174","45484","248284","398125","699314","13928","12536","437042","49337","","121878","603158","18657","4079606","494331","239603","3503428","11567"
2008,"2075857","241536","2297","113991","813790","54818","675928","160185","16309307","280279","1043321","46025","994453","436715","4644235","2146392","21233","400381","73763","3727030","197767","2826171","235176","843893","82812","1007444","265944","871938","68696","115066","53632","822118","136091","279984","49290","21483","311751","25322","75174","71263","894417","484202","473841","91436","113688","1455951","38987","1947507","4425314","16633","9044010","164103","163709","354077","2054201","254162","142656","71314","4076638","1833596","1954810","82417","60934","104835","","574870","254997","935940","58389","24798","1565","7601863","875280","1337024","120076","230057","147123","335473","4678861","197693","574410","93204","411164","7367","446174","594992","","78468","37121","","21216","17635","1067578","603755","44820","5747235","18725","192154","1243507","543714","116620","398774","80137","345361","414667","92584","","2757390","523595","","88834","209399","109156","5720","1038888","63553","45079","284347","360334","555109","14579","18522","438511","53356","","120670","573433","23093","4153749","527721","239157","3431514","4942"
2009,"2227698","253656","2918","118931","812207","49822","686747","171451","15936316","298519","1216377","47341","1001665","436241","4311949","2282543","83550","432639","76350","4080152","215852","2830655","224394","883663","77588","953169","246608","828574","78177","123290","54393","900882","149668","288606","50968","27443","338212","28544","63540","93170","1017326","339370","906175","100874","103284","1013002","43016","1960345","4348068","20099","9491437","188043","198882","290368","4132674","275044","162886","71301","3967694","1944568","2360109","69972","30654","166380","","609296","277576","880512","54219","29390","1879","7668689","1080644","1382663","129639","225846","182172","464074","5255570","189251","565960","98218","333368","9853","503856","578383","","89190","31129","","23216","21811","1096024","601465","68864","5934363","26972","212933","1308718","631613","118688","448215","69539","368365","397665","99042","","2822325","564326","","89366","187397","141559","6268","1195171","60534","40637","258311","380460","584105","10527","19386","471167","52605","","156230","587868","20620","4118528","476291","233284","3737472","6432"
2010,"2504208","73339","4350","107363","665523","44771","656374","176344","14517118","333463","1285492","27403","966099","435908","4653706","2193292","86740","428524","77347","4126378","226535","3011393","226868","918746","91996","969549","265406","984775","79783","134662","53067","915538","137837","299906","43280","29423","305711","27635","68678","103748","786989","352883","899936","119665","118912","1031554","32652","2124467","4388386","22075","9463538","270661","192210","285444","4283747","268822","142512","74314","3751007","2150345","2436110","64849","27919","132731","","598205","275555","797716","65870","21721","3164","7080758","883586","1324074","130765","218553","126228","354125","6042315","192576","540475","112680","230694","12331","497225","612490","","76592","31209","","21055","19520","1073748","578554","51326","5910950","24659","180203","1416529","664725","105643","499281","78108","386521","419590","129886","","2955821","188400","4063","63719","158819","116035","6004","993948","60497","39866","306468","390525","581459","12552","19313","470921","58521","","185200","577141","22662","3964351","476200","221083","3901408","6211"
2011,"2374645","219975","3214","118410","941393","36290","606579","168336","15382447","379906","1296000","28223","1005001","473773","4454771","1960711","89721","365000","72308","3985366","113817","3161297","223923","828947","74279","924468","355653","946867","82581","105356","50074","934351","265246","326149","35130","26704","282134","26219","86122","102874","710439","409381","908836","104769","145596","1124659","25317","2270817","4298178","20293","9008830","190427","152546","346617","5501872","255348","134249","69845","3572770","1840513","2259020","66157","57841","162906","","566810","272325","795150","64898","16025","11485","6396682","734030","1523474","124113","191867","108420","296214","5971220","225549","520452","100056","239058","10779","483319","659740","","79587","29049","1490358","19287","18142","1002833","573731","58118","5765343","19208","212458","1365960","614054","114428","561104","61908","379535","426224","133306","36206","3176941","273729","3935","65043","185265","137690","6351","1028922","53426","33740","270390","367680","796035","10995","22415","428924","57611","9749","192865","538394","25426","3752172","445455","216165","3951393","1718"
2012,"2431052","336031","3383","138864","882570","35207","600161","192570","15205059","404248","1385352","30436","994430","452952","4441290","2302040","93429","381058","68631","3264439","104148","3168137","231973","853998","61493","862612","432981","984568","78540","114678","55049","1141906","317926","327339","38136","33194","281833","25034","87386","195057","681404","368824","982324","92418","125972","1126577","28637","2061328","4421352","17095","9685829","145552","159360","313374","4973462","263105","128812","103708","3594549","1889381","2496726","69940","58875","153584","","591033","265713","854250","60198","16010","29550","6285439","502457","1781972","181429","201704","133550","295464","6191361","201109","537551","110791","371063","8276","508054","600354","","72831","32403","3738336","22062","6646","1001207","455305","79345","5560668","26935","212446","1406781","664857","119444","593587","76030","280325","442353","134403","50667","3229617","221028","4384","57688","177793","149754","6426","1076310","51881","35158","255586","423107","573262","10615","21465","447385","60785","8932","167205","529083","29585","4161685","466816","201365","3853404","1393"
2013,"2254922","285501","1555","107977","1007788","38092","565063","175852","12877368","386084","1311875","28972","1133688","462242","4501898","2214565","81710","388566","65106","2180694","121937","3039892","216239","768363","51435","814163","279924","951972","71074","137904","43686","1047116","265924","307086","43277","27432","263598","25773","69584","129089","733540","443918","880251","83440","128531","1213349","27825","1991924","4564840","18848","9354695","142742","145670","541581","4837965","255714","128919","67396","3553070","1681695","2377258","67455","101112","158124","","567544","247632","928150","61942","14476","16875","6344714","554272","1254409","105395","217022","125069","209405","6546518","185477","517763","82369","294979","7013","494541","538888","","77511","34112","3205654","16229","5686","947894","389091","72330","6012740","21623","198367","1253703","644648","115075","575450","64760","309298","363282","125645","57464","2991141","342942","4795","54364","184864","162599","6013","1031667","39632","31433","228464","372569","573838","8434","22862","490544","57686","9838","157309","516142","30137","3934166","447796","190878","3691191","3914"
2014,"2563129","178468","4513","172883","1192856","36987","599906","183045","13941749","408641","1435741","34400","1451225","542431","4426750","2153350","82377","397309","63698","4727110","108399","3119160","200836","879934","61401","931367","342039","1101312","77812","164063","60456","1110901","284226","187843","49842","24607","264987","25966","88790","60819","803740","466078","873328","100622","125218","1020702","31135","2368452","4756771","20565","10099276","132688","166868","173261","4455240","261202","139086","69156","3648050","1553372","1817091","62057","67210","154206","","502268","251093","1085202","62022","10750","0","6942873","692195","1180898","138499","244921","99795","218132","7139072","224931","514524","88427","254167","9045","522628","514140","","77633","39086","3199136","19187","9295","1056549","407017","87774","5846474","23865","215767","1296437","836799","115859","527897","62151","315072","401808","134734","55281","3434751","671582","7402","58773","176723","146500","5843","1121318","36360","38017","230845","398447","550874","13186","34082","503660","58499","11113","161058","547022","30254","4230793","430517","195962","3882642","2329"
2015,"2811184","183632","9492","168433","1112290","39549","643135","209166","15054603","412377","1745804","41936","1689754","634607","4503220","2274635","72606","445720","72606","4597029","122431","3173204","206740","840601","59859","944742","293647","1154843","81901","174433","64791","1077427","337217","224418","55955","32170","289885","25531","111469","86678","818672","337433","891917","95526","135856","1080185","36518","2495093","5520736","22139","10712674","135260","169535","222602","3976883","282893","127154","78739","4311582","1640195","1698656","67797","67891","170683","","468106","257077","919661","60372","11377","0","7298465","831374","1170843","108687","270410","111711","233299","7941771","248135","531055","124979","232882","7589","566895","502045","","95327","35003","3530401","18547","8249","964330","416635","89944","5785812","20677","214441","1277941","793225","117825","723178","70748","312109","437286","139586","109118","4155916","623122","5887","65010","182203","159740","5772","1239423","37523","42146","243246","431961","532444","12067","47220","497506","39525","10463","161004","612198","38139","5068224","437184","212828","4150217","1133"
2016,"3303393","199301","8153","189371","1102148","41795","684715","238018","15175578","414170","2365110","38929","1629944","776218","4692796","2411711","80696","466773","75752","4812930","147937","2736385","213299","820387","61896","982498","232463","1296283","77195","157440","63480","930907","385123","232082","61823","31060","292367","29291","163636","94006","1092031","560358","969895","109151","126095","1091320","41519","3239525","5969811","23176","11312786","137900","181839","321796","4771309","335691","152382","87755","5067510","1698223","1271855","66441","71527","185041","14612","607479","263357","912351","69435","13328","15500","7175891","1025613","1253571","127699","281576","125562","239719","7915934","462700","541825","140303","260234","9589","586514","534835","104715","105307","55716","3638208","22100","7149","1049414","392168","83889","5891315","28646","231390","1241480","643274","124177","777428","67489","344435","421027","138565","202375","4517585","708258","6847","102808","60233","164360","10652","1148494","38048","43829","264362","387856","508914","12312","39079","555793","50148","10468","183698","617377","52683","4856532","458776","223172","5028868","1146"
